id,first_name,last_name,email,gender,ip_address
1,Orton,Lytlle,olytlle0@weebly.com,Male,107.111.98.132
2,Noni,Koba,nkoba1@360.cn,Female,179.148.28.232
3,Rosalynd,Pidgeley,rpidgeley2@vinaora.com,Female,85.209.43.179
4,Erich,Drakes,edrakes3@blogs.com,Male,238.31.105.165
5,Yancey,Wilmot,ywilmot4@cpanel.net,Male,67.113.175.110
6,Dev,Gulley,dgulley5@apple.com,Male,92.42.218.33
7,Mycah,Poulsom,mpoulsom6@google.co.jp,Male,119.200.248.122
8,Norine,Burleton,nburleton7@nih.gov,Female,187.159.13.216
9,Giustina,Leguay,gleguay8@virginia.edu,Female,186.105.198.143
10,Stefano,Geere,sgeere9@wp.com,Male,62.117.241.36
11,Regen,Morena,rmorenaa@hhs.gov,Male,158.17.149.249
12,Vikky,Walwood,vwalwoodb@guardian.co.uk,Female,255.11.46.54
13,Noelle,Twyford,ntwyfordc@time.com,Female,171.211.167.133
14,Tabitha,Clout,tcloutd@drupal.org,Female,71.67.242.18
15,Terra,Wisham,twishame@zdnet.com,Female,150.246.51.184
16,Bevon,Wallsam,bwallsamf@ucla.edu,Male,59.171.154.135
17,Parke,Fruchon,pfruchong@cloudflare.com,Male,143.149.94.227
18,Kass,Barnwill,kbarnwillh@furl.net,Female,138.66.196.96
19,Mala,Janjic,mjanjici@ezinearticles.com,Female,188.171.253.229
20,Livia,Vittery,lvitteryj@goodreads.com,Female,15.64.117.147
21,Pearla,Idle,pidlek@t-online.de,Female,216.194.236.188
22,Salvador,Mallock,smallockl@opera.com,Male,142.18.216.178
23,Eleanora,Cooper,ecooperm@wikispaces.com,Female,73.156.154.239
24,Georges,MacKey,gmackeyn@ehow.com,Male,130.193.243.95
25,Alene,Marjanovic,amarjanovico@bigcartel.com,Female,104.190.129.225
26,Ethelda,Napoleon,enapoleonp@adobe.com,Female,203.107.223.9
27,Bentley,Goddert.sf,bgoddertsfq@bigcartel.com,Male,230.205.85.220
28,Gratiana,Cheney,gcheneyr@barnesandnoble.com,Female,77.241.65.249
29,Kimball,Patient,kpatients@sfgate.com,Male,162.255.226.91
30,Keeley,Liverseege,kliverseeget@toplist.cz,Female,52.75.232.86
31,Ringo,Cordingly,rcordinglyu@bigcartel.com,Male,18.199.84.128
32,Ewan,Boxer,eboxerv@slashdot.org,Male,176.86.137.196
33,Nikkie,Mitchenson,nmitchensonw@php.net,Female,122.7.27.139
34,Genevieve,Headley,gheadleyx@toplist.cz,Female,5.162.125.30
35,Tory,Proudlove,tproudlovey@cam.ac.uk,Female,19.122.176.73
36,Robina,Yakovitch,ryakovitchz@wufoo.com,Female,250.180.59.114
37,Bart,Harbach,bharbach10@tinyurl.com,Male,172.105.179.80
38,Bevan,Newbigging,bnewbigging11@ocn.ne.jp,Male,173.249.33.245
39,Scottie,Dunwoody,sdunwoody12@lulu.com,Male,29.112.240.112
40,Brook,Lomond,blomond13@gmpg.org,Male,212.17.191.225
41,Arin,Aronstam,aaronstam14@usnews.com,Male,9.135.179.137
42,Taylor,Boardman,tboardman15@ycombinator.com,Male,37.190.68.149
43,Rayshell,Eby,reby16@hubpages.com,Female,12.167.48.39
44,Zackariah,Gabbotts,zgabbotts17@nbcnews.com,Male,59.8.173.115
45,Hollie,Guidini,hguidini18@trellian.com,Female,208.184.191.41
46,Chrisy,Peeke,cpeeke19@amazon.de,Male,60.94.235.86
47,Gareth,Frandsen,gfrandsen1a@yahoo.com,Male,19.119.19.229
48,Kelcie,McQuillin,kmcquillin1b@netvibes.com,Female,8.105.224.164
49,Allianora,Abbitt,aabbitt1c@privacy.gov.au,Female,183.154.12.163
50,Jefferey,Easun,jeasun1d@smh.com.au,Male,196.169.2.174
51,Amii,Whitington,awhitington1e@acquirethisname.com,Female,248.48.62.182
52,Starr,Miche,smiche1f@mit.edu,Female,133.208.77.191
53,Rasia,Creasy,rcreasy1g@constantcontact.com,Female,177.241.127.117
54,Miran,Nibley,mnibley1h@woothemes.com,Female,113.65.83.1
55,Sully,Bowlesworth,sbowlesworth1i@sakura.ne.jp,Male,112.39.181.22
56,Chalmers,Alekhov,calekhov1j@miitbeian.gov.cn,Male,14.147.105.205
57,Caz,Bunker,cbunker1k@behance.net,Male,62.179.174.37
58,Dodi,Greger,dgreger1l@indiegogo.com,Female,135.79.188.243
59,Bartolomeo,Dallemore,bdallemore1m@apple.com,Male,209.229.158.38
60,Jacob,Kiggel,jkiggel1n@nbcnews.com,Male,126.238.111.167
61,Ferrell,Colin,fcolin1o@bluehost.com,Male,27.212.198.223
62,Raquela,Naisbit,rnaisbit1p@wsj.com,Female,249.48.186.8
63,Stanfield,Fibbit,sfibbit1q@prweb.com,Male,173.41.180.244
64,Joletta,Cullen,jcullen1r@digg.com,Female,188.31.249.240
65,Eleanora,Lashmore,elashmore1s@eepurl.com,Female,152.97.1.57
66,Lars,Creamen,lcreamen1t@hexun.com,Male,210.110.7.169
67,Minor,Frangione,mfrangione1u@hhs.gov,Male,230.103.1.232
68,Hyman,Andryunin,handryunin1v@w3.org,Male,170.98.195.236
69,Yves,Houlahan,yhoulahan1w@constantcontact.com,Male,197.10.192.168
70,Corty,Velasquez,cvelasquez1x@toplist.cz,Male,230.226.27.11
71,Koenraad,McVie,kmcvie1y@sciencedirect.com,Male,105.10.176.22
72,Olav,Espino,oespino1z@reverbnation.com,Male,107.250.63.101
73,Brewer,Molan,bmolan20@prnewswire.com,Male,249.67.55.193
74,Vance,Langfat,vlangfat21@creativecommons.org,Male,120.225.186.231
75,Tonye,Forsyde,tforsyde22@amazon.com,Female,138.2.229.97
76,Mair,Cronchey,mcronchey23@jugem.jp,Female,127.168.10.94
77,Warde,Stamp,wstamp24@slashdot.org,Male,137.190.245.104
78,Ailsun,Stutter,astutter25@smugmug.com,Female,19.174.57.171
79,Jillene,Lambart,jlambart26@bloglines.com,Female,86.178.173.21
80,Yancy,Candey,ycandey27@geocities.jp,Male,210.228.13.73
81,Larry,Carloni,lcarloni28@usatoday.com,Male,6.232.68.212
82,Shelly,Dimitriou,sdimitriou29@unesco.org,Female,228.102.61.213
83,Valery,Sexti,vsexti2a@umn.edu,Female,238.170.170.111
84,Em,Wormell,ewormell2b@arstechnica.com,Female,133.236.72.6
85,Wiley,Burtwistle,wburtwistle2c@odnoklassniki.ru,Male,97.210.98.140
86,Alia,Liffe,aliffe2d@sourceforge.net,Female,18.63.143.206
87,Link,Rawlins,lrawlins2e@patch.com,Male,103.38.164.90
88,Garey,Filipson,gfilipson2f@earthlink.net,Male,209.185.94.208
89,Marnie,Machans,mmachans2g@spotify.com,Female,35.1.175.123
90,Barney,Kimble,bkimble2h@bigcartel.com,Male,49.138.117.228
91,Yurik,Durnford,ydurnford2i@blogs.com,Male,12.117.227.224
92,Sigismundo,Bendan,sbendan2j@umich.edu,Male,149.2.125.164
93,Matthus,Trowsdale,mtrowsdale2k@reuters.com,Male,148.36.48.203
94,Jayme,Langthorne,jlangthorne2l@state.gov,Male,83.25.245.27
95,Nalani,Critcher,ncritcher2m@washington.edu,Female,143.226.55.108
96,Ulysses,Waterhowse,uwaterhowse2n@de.vu,Male,247.121.93.216
97,Andreana,Chazelas,achazelas2o@google.co.uk,Female,61.44.27.53
98,Franz,Balassi,fbalassi2p@virginia.edu,Male,62.16.233.21
99,Kingsley,Busson,kbusson2q@soup.io,Male,29.176.11.94
100,Truda,Ganny,tganny2r@mlb.com,Female,215.217.53.133
101,Carson,Denacamp,cdenacamp2s@addtoany.com,Male,197.115.185.247
102,Chloette,Impy,cimpy2t@com.com,Female,73.193.45.171
103,Matilde,Harwin,mharwin2u@harvard.edu,Female,113.40.208.160
104,Tatiana,Prewer,tprewer2v@washingtonpost.com,Female,98.116.48.93
105,Trueman,Gethyn,tgethyn2w@mediafire.com,Male,119.220.0.15
106,Frederik,Coleson,fcoleson2x@yolasite.com,Male,182.129.115.215
107,Silvie,Guiver,sguiver2y@go.com,Female,69.71.59.135
108,Tore,Fancy,tfancy2z@feedburner.com,Male,47.14.215.250
109,Kaia,MacNulty,kmacnulty30@google.ru,Female,62.106.144.94
110,Wildon,Dering,wdering31@samsung.com,Male,18.74.14.214
111,Danella,Mocquer,dmocquer32@instagram.com,Female,113.83.14.117
112,Whit,Borrowman,wborrowman33@chron.com,Male,254.56.137.130
113,Fielding,Dutch,fdutch34@1und1.de,Male,113.203.124.0
114,Bessie,Stenton,bstenton35@army.mil,Female,44.47.69.72
115,Nina,Agott,nagott36@spiegel.de,Female,239.53.112.129
116,Filmore,Teaze,fteaze37@zdnet.com,Male,76.153.70.138
117,Derek,Diver,ddiver38@51.la,Male,187.61.200.31
118,Ricard,Ambroisin,rambroisin39@cafepress.com,Male,66.136.0.34
119,Mahala,Freezer,mfreezer3a@accuweather.com,Female,110.10.234.159
120,Carmela,Livesey,clivesey3b@wikimedia.org,Female,200.37.131.146
121,Rosita,Wraxall,rwraxall3c@google.com.au,Female,191.215.165.36
122,Merilee,Lorence,mlorence3d@princeton.edu,Female,2.1.96.251
123,Flossi,Shane,fshane3e@paginegialle.it,Female,117.174.253.49
124,Meyer,Hovel,mhovel3f@google.com.hk,Male,204.245.246.129
125,Donna,Applewhite,dapplewhite3g@stanford.edu,Female,193.73.25.16
126,Lilla,Slowgrove,lslowgrove3h@php.net,Female,215.93.75.138
127,Vachel,Springtorp,vspringtorp3i@yahoo.com,Male,18.157.48.233
128,Lonnie,Dank,ldank3j@irs.gov,Female,155.238.231.170
129,Lydon,Matthiesen,lmatthiesen3k@adobe.com,Male,8.146.154.196
130,Henryetta,Graalmans,hgraalmans3l@hexun.com,Female,217.59.93.248
131,Malachi,Guirau,mguirau3m@shutterfly.com,Male,150.142.191.75
132,Sofia,Farnon,sfarnon3n@baidu.com,Female,113.243.229.155
133,Cleopatra,Patey,cpatey3o@arstechnica.com,Female,125.216.100.133
134,Marla,Pereira,mpereira3p@mashable.com,Female,212.155.81.246
135,Chelsea,Hadeke,chadeke3q@jalbum.net,Female,251.203.4.74
136,Jephthah,Ridge,jridge3r@t.co,Male,210.166.25.200
137,Englebert,MacNess,emacness3s@ucoz.com,Male,154.91.95.92
138,Griswold,Traves,gtraves3t@cbsnews.com,Male,88.224.22.165
139,Stoddard,Couche,scouche3u@disqus.com,Female,8.80.34.192
140,Seka,Reims,sreims3v@foxnews.com,Female,227.48.17.159
141,Kizzee,Rosendahl,krosendahl3w@sohu.com,Female,39.247.163.29
142,Oswald,Penketh,openketh3x@naver.com,Male,44.106.198.130
143,Harcourt,Thrift,hthrift3y@about.me,Male,237.13.67.254
144,Corabel,Heynen,cheynen3z@blinklist.com,Female,138.117.66.126
145,Traver,Pimlett,tpimlett40@abc.net.au,Male,47.46.107.144
146,Doe,Parman,dparman41@free.fr,Female,53.243.130.221
147,Olly,Garoghan,ogaroghan42@cbsnews.com,Male,85.242.139.185
148,Granny,Glasspoole,gglasspoole43@constantcontact.com,Male,146.220.115.16
149,Sean,McKinn,smckinn44@bravesites.com,Female,84.229.251.115
150,Wernher,Claige,wclaige45@netscape.com,Male,234.9.22.166
151,Kip,Blincoe,kblincoe46@istockphoto.com,Female,162.232.61.213
152,Jocelyn,Caush,jcaush47@networksolutions.com,Female,120.132.151.227
153,Garvin,Gibson,ggibson48@google.de,Male,171.198.215.14
154,Grover,Lyndon,glyndon49@mayoclinic.com,Male,11.50.189.127
155,Esta,Dalley,edalley4a@php.net,Female,34.47.147.194
156,Raoul,Gavrielli,rgavrielli4b@hhs.gov,Male,139.39.223.247
157,Early,Gherardesci,egherardesci4c@php.net,Male,48.0.123.44
158,Olivero,Molineux,omolineux4d@barnesandnoble.com,Male,171.86.79.17
159,Nan,Rosencwaig,nrosencwaig4e@google.es,Female,212.86.252.174
160,Tami,Nutten,tnutten4f@yandex.ru,Female,101.200.159.54
161,Samara,Yegorshin,syegorshin4g@usatoday.com,Female,91.34.33.12
162,Tatum,Dominiak,tdominiak4h@gov.uk,Female,108.74.159.52
163,Rosalinde,MacDonnell,rmacdonnell4i@reuters.com,Female,11.44.49.76
164,Carlota,Pohlak,cpohlak4j@youtu.be,Female,198.191.184.196
165,Bronny,Lisett,blisett4k@apache.org,Male,167.202.114.245
166,Federico,Strainge,fstrainge4l@mediafire.com,Male,151.28.9.84
167,Caroline,Paddle,cpaddle4m@furl.net,Female,154.252.210.72
168,Bennett,Thorneywork,bthorneywork4n@va.gov,Male,3.120.213.113
169,Bryn,Trillo,btrillo4o@chicagotribune.com,Male,15.27.247.15
170,Teressa,McLanaghan,tmclanaghan4p@narod.ru,Female,170.109.108.205
171,Jacqui,Karim,jkarim4q@hhs.gov,Female,156.78.111.63
172,Jerrome,Blasetti,jblasetti4r@livejournal.com,Male,96.36.242.20
173,Georgeanna,De Paoli,gdepaoli4s@wordpress.org,Female,219.213.119.217
174,Randie,Leavy,rleavy4t@sohu.com,Female,196.252.207.212
175,Lazarus,Dandie,ldandie4u@lycos.com,Male,136.68.230.190
176,Danell,Lazare,dlazare4v@telegraph.co.uk,Female,241.79.216.145
177,Velma,Casari,vcasari4w@163.com,Female,105.200.131.149
178,Lethia,MacDirmid,lmacdirmid4x@apache.org,Female,197.52.35.119
179,Giorgio,D'Souza,gdsouza4y@hc360.com,Male,233.92.200.52
180,Alfons,Ackenson,aackenson4z@sina.com.cn,Male,115.204.87.13
181,Salvatore,Braunlein,sbraunlein50@g.co,Male,61.170.94.138
182,Joellen,Coltherd,jcoltherd51@weather.com,Female,233.192.59.183
183,Roddie,Hairsnape,rhairsnape52@wiley.com,Male,50.244.145.239
184,Malvin,Syddon,msyddon53@illinois.edu,Male,169.192.166.104
185,Micky,Passe,mpasse54@bloglines.com,Male,120.131.64.204
186,Jory,Healy,jhealy55@ucla.edu,Male,172.152.124.124
187,Jillie,Knapton,jknapton56@census.gov,Female,114.144.141.193
188,Les,Golda,lgolda57@nsw.gov.au,Male,164.112.86.164
189,Nola,Oleshunin,noleshunin58@globo.com,Female,115.123.0.23
190,Lil,Salisbury,lsalisbury59@drupal.org,Female,95.62.239.47
191,Michail,Thirtle,mthirtle5a@thetimes.co.uk,Male,16.222.16.199
192,Jacobo,Woolway,jwoolway5b@microsoft.com,Male,53.169.69.89
193,Edouard,Stapele,estapele5c@bloglines.com,Male,46.194.215.66
194,Jerad,Ibbison,jibbison5d@tripod.com,Male,203.98.190.64
195,Krisha,Boick,kboick5e@webeden.co.uk,Male,204.100.55.195
196,Reamonn,Winch,rwinch5f@google.co.uk,Male,152.65.58.54
197,Liuka,Risbridge,lrisbridge5g@boston.com,Female,87.229.65.240
198,Valentijn,Augie,vaugie5h@nbcnews.com,Male,105.156.127.134
199,Amaleta,Rumke,arumke5i@tmall.com,Female,94.105.248.69
200,Abby,Alpin,aalpin5j@psu.edu,Male,31.84.59.203
201,Patin,Harragin,pharragin5k@bloomberg.com,Male,198.253.201.118
202,Charlie,Blackly,cblackly5l@tripadvisor.com,Male,94.201.37.162
203,Kellie,Kingzeth,kkingzeth5m@ovh.net,Female,171.200.130.116
204,Web,Haydon,whaydon5n@discuz.net,Male,142.18.135.74
205,Allx,Sponder,asponder5o@apple.com,Female,225.90.71.224
206,Meier,Stallworth,mstallworth5p@smh.com.au,Male,184.175.96.162
207,Edik,Turfes,eturfes5q@ebay.com,Male,113.38.127.63
208,Emelina,Dane,edane5r@boston.com,Female,131.23.37.23
209,Zed,Swainson,zswainson5s@jigsy.com,Male,172.195.22.35
210,Nari,Momery,nmomery5t@intel.com,Female,186.145.185.247
211,Sauveur,Dan,sdan5u@berkeley.edu,Male,122.164.198.0
212,Thorstein,Scobie,tscobie5v@clickbank.net,Male,173.134.108.154
213,Norbie,Coxwell,ncoxwell5w@de.vu,Male,74.26.254.223
214,Sibley,Maymond,smaymond5x@g.co,Female,148.60.13.225
215,Christian,Dewane,cdewane5y@digg.com,Male,213.126.35.104
216,Fancy,Gother,fgother5z@de.vu,Female,129.69.165.138
217,Erhard,Nemchinov,enemchinov60@theguardian.com,Male,210.34.226.31
218,Gregorio,Coryndon,gcoryndon61@aboutads.info,Male,191.140.35.163
219,Aharon,MacClure,amacclure62@telegraph.co.uk,Male,19.167.16.92
220,Say,Rolph,srolph63@cornell.edu,Male,127.187.135.75
221,Web,Woodwing,wwoodwing64@vk.com,Male,31.233.101.101
222,Huntington,Flatman,hflatman65@opensource.org,Male,228.236.107.184
223,Maggee,Foxhall,mfoxhall66@imageshack.us,Female,9.143.119.167
224,Tony,Oldacres,toldacres67@facebook.com,Male,181.56.161.186
225,Freddi,Arndt,farndt68@yale.edu,Female,157.97.173.124
226,Kelley,Gosselin,kgosselin69@cdc.gov,Female,134.105.157.35
227,Danni,Battie,dbattie6a@mashable.com,Female,106.130.98.183
228,Floyd,Tidball,ftidball6b@buzzfeed.com,Male,42.172.98.47
229,Clerc,Shimwall,cshimwall6c@state.gov,Male,92.83.24.201
230,Winifield,Creyke,wcreyke6d@icq.com,Male,45.85.41.96
231,Morse,McIndoe,mmcindoe6e@ycombinator.com,Male,109.13.206.236
232,Clement,Whalley,cwhalley6f@seesaa.net,Male,245.207.47.48
233,Kandy,Sperring,ksperring6g@ning.com,Female,209.202.237.175
234,Zorina,Liggens,zliggens6h@skyrock.com,Female,225.244.67.33
235,Kienan,Flaunders,kflaunders6i@msn.com,Male,62.247.100.119
236,Terese,Maffin,tmaffin6j@artisteer.com,Female,152.220.71.168
237,Estel,Gower,egower6k@comcast.net,Female,127.27.5.131
238,Matilda,MacMaster,mmacmaster6l@washingtonpost.com,Female,217.211.95.54
239,Augustin,Coils,acoils6m@163.com,Male,169.168.79.46
240,Madelena,Habershon,mhabershon6n@nhs.uk,Female,240.13.6.136
241,Neall,Symper,nsymper6o@usda.gov,Male,97.198.98.178
242,Zane,Argue,zargue6p@squidoo.com,Male,198.105.11.235
243,Julita,Henkens,jhenkens6q@ning.com,Female,73.217.223.0
244,Jacenta,Sperwell,jsperwell6r@nytimes.com,Female,107.120.101.124
245,Morey,Duthie,mduthie6s@last.fm,Male,150.86.176.23
246,Lizzy,Gummer,lgummer6t@cnn.com,Female,113.36.48.222
247,Hamilton,Matejovsky,hmatejovsky6u@pagesperso-orange.fr,Male,83.110.246.169
248,Manny,McKinn,mmckinn6v@weibo.com,Male,153.102.82.24
249,Stanly,Pharro,spharro6w@cbc.ca,Male,167.238.60.235
250,Edeline,Kindley,ekindley6x@jugem.jp,Female,10.171.135.81
251,Norri,Belliveau,nbelliveau6y@huffingtonpost.com,Female,20.211.98.189
252,Salvatore,Ellins,sellins6z@princeton.edu,Male,36.198.131.15
253,Janel,Crippill,jcrippill70@t-online.de,Female,213.147.185.155
254,Blair,Beyn,bbeyn71@soup.io,Male,226.154.188.247
255,Seline,O'Devey,sodevey72@weather.com,Female,34.247.82.22
256,Hermy,Lilburne,hlilburne73@cam.ac.uk,Male,65.36.70.254
257,Lawry,Gouthier,lgouthier74@redcross.org,Male,173.144.211.71
258,Rriocard,Kleszinski,rkleszinski75@si.edu,Male,162.171.19.70
259,Zora,Lemmen,zlemmen76@addthis.com,Female,198.229.231.137
260,Dallis,Chasemore,dchasemore77@hp.com,Male,246.218.104.157
261,Donovan,Bowcher,dbowcher78@privacy.gov.au,Male,12.248.22.168
262,Darin,Wynne,dwynne79@reuters.com,Male,48.18.175.43
263,Avram,Brahms,abrahms7a@desdev.cn,Male,139.226.59.43
264,Hobie,Baselli,hbaselli7b@fotki.com,Male,253.176.143.37
265,Carlie,Bellany,cbellany7c@abc.net.au,Female,75.189.218.19
266,Eadith,Gillopp,egillopp7d@hhs.gov,Female,20.88.213.25
267,Evvie,Bloxham,ebloxham7e@csmonitor.com,Female,4.188.96.157
268,Calv,Sille,csille7f@shareasale.com,Male,242.8.82.147
269,Freemon,Castagnone,fcastagnone7g@disqus.com,Male,54.84.107.26
270,Edd,Radke,eradke7h@rakuten.co.jp,Male,222.68.22.2
271,Avram,Boyan,aboyan7i@si.edu,Male,84.75.240.61
272,Jorry,Kobisch,jkobisch7j@indiatimes.com,Female,43.46.51.7
273,Robbie,Cortin,rcortin7k@oaic.gov.au,Female,83.177.7.246
274,Sylvan,Squibe,ssquibe7l@hostgator.com,Male,35.94.136.230
275,Sidnee,McGrah,smcgrah7m@seattletimes.com,Male,206.30.130.121
276,May,Knipe,mknipe7n@ucla.edu,Female,78.171.65.215
277,Jon,Paridge,jparidge7o@cdc.gov,Male,237.236.61.139
278,Caryl,Glassborow,cglassborow7p@homestead.com,Female,148.83.158.106
279,Andeee,Dri,adri7q@redcross.org,Female,70.89.28.127
280,Chrisy,Blandford,cblandford7r@csmonitor.com,Male,191.183.68.161
281,Gunar,McVitie,gmcvitie7s@nsw.gov.au,Male,245.244.91.109
282,Abramo,Rountree,arountree7t@illinois.edu,Male,126.150.98.41
283,Stacey,Tellenbroker,stellenbroker7u@nasa.gov,Female,105.109.17.54
284,Kalinda,O'Moylan,komoylan7v@bbb.org,Female,28.79.172.136
285,Daron,Gilhooley,dgilhooley7w@friendfeed.com,Female,199.146.14.128
286,Kayley,Brotherhood,kbrotherhood7x@disqus.com,Female,96.16.138.229
287,Joseito,Sines,jsines7y@tripadvisor.com,Male,79.14.123.244
288,Marietta,Pidler,mpidler7z@npr.org,Female,70.127.202.121
289,Gustie,Croom,gcroom80@sfgate.com,Female,189.67.22.149
290,Berta,Shilston,bshilston81@macromedia.com,Female,183.54.180.164
291,Guido,Adrain,gadrain82@comcast.net,Male,71.133.241.165
292,Louisette,Summerell,lsummerell83@nifty.com,Female,17.91.122.173
293,Rob,Lewsy,rlewsy84@amazon.de,Male,218.208.79.107
294,Milty,Iacabucci,miacabucci85@twitter.com,Male,169.77.218.119
295,Norah,Lounds,nlounds86@sakura.ne.jp,Female,132.168.199.200
296,Rockie,Fellini,rfellini87@indiatimes.com,Male,164.108.230.35
297,Betsy,Walas,bwalas88@mit.edu,Female,204.32.212.189
298,Fanni,Candlin,fcandlin89@sciencedirect.com,Female,124.172.87.30
299,Cyndy,Scroggie,cscroggie8a@patch.com,Female,174.149.135.57
300,Bethanne,Bonnar,bbonnar8b@patch.com,Female,58.220.182.31
301,Chucho,Van Weedenburg,cvanweedenburg8c@free.fr,Male,134.152.66.178
302,Kristofor,Grombridge,kgrombridge8d@bloglines.com,Male,172.105.129.104
303,Erhard,Vicarey,evicarey8e@wordpress.com,Male,64.37.204.152
304,Johann,Geram,jgeram8f@blinklist.com,Male,228.232.138.75
305,Devina,Riccetti,driccetti8g@netlog.com,Female,169.214.75.215
306,Brendon,Pearlman,bpearlman8h@devhub.com,Male,8.213.174.91
307,Olive,Brafferton,obrafferton8i@barnesandnoble.com,Female,111.33.211.252
308,Raine,Wanden,rwanden8j@yellowbook.com,Female,78.172.28.63
309,Trevor,Trymme,ttrymme8k@bbb.org,Male,153.49.66.54
310,Rubia,Sewill,rsewill8l@360.cn,Female,47.28.156.94
311,Margarethe,Perrin,mperrin8m@wordpress.com,Female,196.246.147.214
312,Nichole,Pollicott,npollicott8n@yellowpages.com,Male,227.211.238.188
313,Waite,Cardillo,wcardillo8o@dedecms.com,Male,192.168.2.187
314,Missie,Aish,maish8p@eepurl.com,Female,139.58.148.160
315,Bethena,Edis,bedis8q@smh.com.au,Female,167.119.43.86
316,Tab,MacNally,tmacnally8r@blogger.com,Male,223.134.115.86
317,Garnet,Falkinder,gfalkinder8s@miibeian.gov.cn,Female,244.50.254.236
318,Tod,Morant,tmorant8t@state.gov,Male,46.102.172.255
319,Gregorio,Borchardt,gborchardt8u@sitemeter.com,Male,206.148.163.79
320,Caryl,Carlet,ccarlet8v@google.nl,Female,225.182.238.23
321,Aluino,Bampford,abampford8w@nsw.gov.au,Male,144.32.98.127
322,Marni,Orrock,morrock8x@senate.gov,Female,24.180.129.197
323,Layton,Broseman,lbroseman8y@apache.org,Male,235.180.121.70
324,Francklyn,Maud,fmaud8z@yellowbook.com,Male,156.184.64.22
325,Aubrey,Sauniere,asauniere90@cnbc.com,Male,175.160.85.241
326,Ingeborg,Redmire,iredmire91@cornell.edu,Female,196.33.59.225
327,Karisa,MacVay,kmacvay92@examiner.com,Female,18.14.40.227
328,Joli,Da Costa,jdacosta93@accuweather.com,Female,228.108.202.11
329,Rad,Keming,rkeming94@apache.org,Male,225.182.239.69
330,Aubine,Gwillym,agwillym95@lulu.com,Female,227.188.250.176
331,Jim,Crookes,jcrookes96@princeton.edu,Male,188.190.93.70
332,Allistir,Spickett,aspickett97@ask.com,Male,143.96.120.8
333,Mycah,Westwell,mwestwell98@meetup.com,Male,127.255.111.108
334,Bernie,Ripper,bripper99@list-manage.com,Female,150.186.155.53
335,Madalena,Bethune,mbethune9a@w3.org,Female,103.168.68.72
336,Maye,Northgraves,mnorthgraves9b@t.co,Female,172.172.140.48
337,Glenden,Kenworth,gkenworth9c@japanpost.jp,Male,181.12.136.180
338,Otho,Whooley,owhooley9d@about.com,Male,192.47.244.219
339,Burr,Blakeney,bblakeney9e@ebay.com,Male,56.131.160.82
340,Alden,Clawsley,aclawsley9f@google.com.au,Male,27.243.235.149
341,Robert,Kirrage,rkirrage9g@privacy.gov.au,Male,228.240.23.58
342,Erinna,Dunckley,edunckley9h@bluehost.com,Female,80.242.107.186
343,Danita,Gayton,dgayton9i@yolasite.com,Female,109.19.8.133
344,Marcella,Wardley,mwardley9j@storify.com,Female,214.104.86.79
345,Nollie,Pusey,npusey9k@tamu.edu,Female,58.171.130.110
346,Walden,Clingan,wclingan9l@oaic.gov.au,Male,22.36.127.38
347,Austin,St Quenin,astquenin9m@wiley.com,Female,140.186.238.41
348,Stillman,de la Valette Parisot,sdelavaletteparisot9n@vk.com,Male,142.71.44.54
349,Bertie,Drever,bdrever9o@foxnews.com,Male,243.230.188.188
350,Diannne,Rizzini,drizzini9p@cocolog-nifty.com,Female,96.46.16.242
351,Camey,Sumbler,csumbler9q@cbsnews.com,Male,229.206.78.231
352,Gorden,Malafe,gmalafe9r@soundcloud.com,Male,31.15.214.221
353,Brendis,Trice,btrice9s@unc.edu,Male,135.172.170.27
354,Johnathan,McEnery,jmcenery9t@opensource.org,Male,147.51.200.58
355,Sammy,Smeaton,ssmeaton9u@vistaprint.com,Male,119.76.211.119
356,Corrianne,Altham,caltham9v@moonfruit.com,Female,44.81.48.16
357,Durante,Eglise,deglise9w@homestead.com,Male,33.15.144.27
358,Ardisj,Fitzjohn,afitzjohn9x@sitemeter.com,Female,101.243.152.78
359,Friederike,Luter,fluter9y@bbc.co.uk,Female,201.169.189.216
360,Antonina,Harse,aharse9z@intel.com,Female,249.22.71.154
361,Arliene,Mabbitt,amabbitta0@merriam-webster.com,Female,253.11.91.89
362,Noby,Witherington,nwitheringtona1@vimeo.com,Male,124.16.214.232
363,Giselbert,St. Aubyn,gstaubyna2@guardian.co.uk,Male,234.100.227.7
364,Rufe,Duggan,rduggana3@illinois.edu,Male,69.126.49.18
365,Ephraim,Bonass,ebonassa4@bloomberg.com,Male,195.2.122.125
366,Evania,Gerram,egerrama5@weebly.com,Female,125.92.31.166
367,Yulma,Goldup,ygoldupa6@state.tx.us,Male,250.36.165.77
368,Mirabella,Easby,measbya7@auda.org.au,Female,14.232.167.45
369,Ben,Spawell,bspawella8@sina.com.cn,Male,64.114.192.177
370,Berkly,Greenfield,bgreenfielda9@boston.com,Male,57.19.155.57
371,Tiena,de Aguirre,tdeaguirreaa@globo.com,Female,162.92.98.240
372,Ashely,Bamlett,abamlettab@abc.net.au,Female,89.117.7.178
373,Zora,MacAlester,zmacalesterac@surveymonkey.com,Female,38.188.179.238
374,Jerrie,Jukes,jjukesad@altervista.org,Male,95.103.36.98
375,Addie,Uttermare,auttermareae@csmonitor.com,Male,229.20.185.186
376,Lucia,Burk,lburkaf@samsung.com,Female,245.69.173.166
377,Izzy,Bouchier,ibouchierag@guardian.co.uk,Male,51.216.30.88
378,Lanita,Vairow,lvairowah@abc.net.au,Female,214.199.13.17
379,Rosana,Ivanichev,rivanichevai@ucsd.edu,Female,55.181.70.117
380,Rana,Boddis,rboddisaj@hc360.com,Female,127.186.183.66
381,Mayer,Wringe,mwringeak@webs.com,Male,47.218.123.200
382,Jennee,Allward,jallwardal@adobe.com,Female,242.2.182.250
383,Meade,Libri,mlibriam@dagondesign.com,Male,252.231.210.98
384,Alyosha,Wrightem,awrighteman@census.gov,Male,108.182.166.105
385,Euphemia,Blades,ebladesao@statcounter.com,Female,109.250.99.16
386,Adriena,Montague,amontagueap@posterous.com,Female,55.34.29.28
387,Griffie,Mursell,gmursellaq@hibu.com,Male,102.225.1.182
388,Lian,Kilgrove,lkilgrovear@pagesperso-orange.fr,Female,210.147.102.236
389,Pascale,Rain,prainas@opensource.org,Male,226.237.5.252
390,Augustin,Monteath,amonteathat@wix.com,Male,186.107.60.193
391,Alfreda,Tuke,atukeau@toplist.cz,Female,59.246.211.137
392,Cass,Mosen,cmosenav@imdb.com,Male,7.2.26.10
393,Almeda,Gladyer,agladyeraw@nature.com,Female,34.96.225.215
394,Eduardo,Boriston,eboristonax@ox.ac.uk,Male,64.243.41.76
395,Michell,Libbey,mlibbeyay@yellowbook.com,Female,215.209.30.13
396,Rubina,Medlar,rmedlaraz@bluehost.com,Female,121.190.133.30
397,Allan,Addis,aaddisb0@webeden.co.uk,Male,50.183.16.106
398,Debra,Maydway,dmaydwayb1@nature.com,Female,45.239.229.10
399,Richmound,Ollerhad,rollerhadb2@hostgator.com,Male,41.138.189.217
400,Claus,Tomankowski,ctomankowskib3@si.edu,Male,255.54.229.2
401,Willette,Philipet,wphilipetb4@macromedia.com,Female,163.246.23.56
402,Daisy,Scapens,dscapensb5@chronoengine.com,Female,3.74.166.239
403,Britni,Manklow,bmanklowb6@artisteer.com,Female,232.222.53.156
404,Alphard,Boylan,aboylanb7@dropbox.com,Male,57.91.230.187
405,Kristal,Larrosa,klarrosab8@senate.gov,Female,28.123.64.132
406,Oona,Blakely,oblakelyb9@redcross.org,Female,94.104.70.28
407,Rowney,Alster,ralsterba@miibeian.gov.cn,Male,60.64.192.17
408,Robbin,Kristoffersen,rkristoffersenbb@joomla.org,Female,108.246.197.112
409,Guthry,Mumby,gmumbybc@ning.com,Male,164.207.70.48
410,Louise,Shaplin,lshaplinbd@w3.org,Female,163.143.76.191
411,Cristabel,Ivakhno,civakhnobe@mapquest.com,Female,96.10.87.63
412,Jarret,Palfree,jpalfreebf@imdb.com,Male,161.182.19.145
413,Sigfrid,Ritzman,sritzmanbg@nsw.gov.au,Male,18.132.253.170
414,Marcelle,Mateo,mmateobh@youtu.be,Female,178.194.71.151
415,Rand,Stanborough,rstanboroughbi@ning.com,Male,27.239.81.234
416,Cathleen,Islep,cislepbj@sbwire.com,Female,158.200.150.187
417,Joe,Riddiford,jriddifordbk@gov.uk,Male,213.128.177.16
418,Sandro,Faulconer,sfaulconerbl@blog.com,Male,183.160.185.192
419,Debee,Isaq,disaqbm@instagram.com,Female,236.92.148.121
420,Lilias,Jostan,ljostanbn@list-manage.com,Female,49.181.132.95
421,Aurore,Everest,aeverestbo@sitemeter.com,Female,34.246.182.160
422,Rodger,McCartney,rmccartneybp@examiner.com,Male,30.79.81.109
423,Vickie,Dukesbury,vdukesburybq@freewebs.com,Female,190.69.75.126
424,Reta,Middle,rmiddlebr@nifty.com,Female,232.95.234.102
425,Cinderella,Di Roberto,cdirobertobs@go.com,Female,37.90.249.44
426,Korella,Werny,kwernybt@ifeng.com,Female,228.162.32.254
427,Oliviero,Swannick,oswannickbu@vk.com,Male,150.216.232.247
428,Ringo,Sillito,rsillitobv@discovery.com,Male,121.185.222.93
429,Godfrey,Stowers,gstowersbw@aol.com,Male,111.17.0.82
430,Percival,Grishukhin,pgrishukhinbx@dot.gov,Male,232.254.61.65
431,Deidre,Bugg,dbuggby@vistaprint.com,Female,225.11.232.125
432,Anna-diana,Hyslop,ahyslopbz@yandex.ru,Female,32.224.156.148
433,Federico,Rhule,frhulec0@wufoo.com,Male,221.15.26.33
434,Davis,Pavlishchev,dpavlishchevc1@unicef.org,Male,197.113.229.30
435,Jethro,Janatka,jjanatkac2@census.gov,Male,64.191.184.17
436,Bianca,Angeli,bangelic3@oakley.com,Female,146.42.185.148
437,Josie,Neal,jnealc4@nps.gov,Female,18.154.26.83
438,Louis,Gunny,lgunnyc5@com.com,Male,39.162.37.255
439,Ramsey,Gullam,rgullamc6@abc.net.au,Male,165.107.187.61
440,Janetta,Champkins,jchampkinsc7@mashable.com,Female,220.241.49.84
441,Vinita,Klimontovich,vklimontovichc8@unblog.fr,Female,214.14.42.90
442,Sonnnie,Siddell,ssiddellc9@histats.com,Female,61.48.25.51
443,Juliette,Garnul,jgarnulca@sakura.ne.jp,Female,174.223.174.20
444,Marlon,Watmough,mwatmoughcb@tiny.cc,Male,228.115.31.224
445,Dinny,Balderston,dbalderstoncc@nifty.com,Female,245.139.206.7
446,Shae,Pennington,spenningtoncd@sitemeter.com,Female,189.95.4.37
447,Abel,Van Der Vlies,avandervliesce@unesco.org,Male,17.58.158.102
448,Kearney,Sibyllina,ksibyllinacf@hubpages.com,Male,255.79.152.7
449,Easter,Marian,emariancg@gravatar.com,Female,49.145.161.114
450,Umeko,Ferrario,uferrarioch@issuu.com,Female,139.229.214.61
451,Rochette,MacMillan,rmacmillanci@howstuffworks.com,Female,181.3.25.254
452,Lisha,Hawes,lhawescj@psu.edu,Female,66.209.57.154
453,Inessa,Bettesworth,ibettesworthck@washingtonpost.com,Female,0.147.226.146
454,Coop,Mordue,cmorduecl@chron.com,Male,177.211.170.65
455,Brnaba,Bellefonte,bbellefontecm@intel.com,Male,65.226.236.22
456,Woodie,Cottel,wcottelcn@usatoday.com,Male,147.82.219.124
457,Gill,Corness,gcornessco@t-online.de,Male,15.54.208.16
458,Andie,Arson,aarsoncp@cbc.ca,Female,9.14.229.221
459,Abraham,Kitchingman,akitchingmancq@blog.com,Male,167.44.169.26
460,Elissa,Dwine,edwinecr@amazonaws.com,Female,61.230.46.103
461,Meggy,Durand,mdurandcs@godaddy.com,Female,216.116.150.76
462,Niki,Snyder,nsnyderct@sciencedirect.com,Male,76.122.77.9
463,Yorgos,Gorry,ygorrycu@phpbb.com,Male,44.174.178.99
464,Osgood,Burdfield,oburdfieldcv@amazonaws.com,Male,171.180.100.248
465,Ginnie,Ankers,gankerscw@dion.ne.jp,Female,250.106.122.11
466,Averill,Fradson,afradsoncx@php.net,Male,251.251.114.184
467,Armando,Doull,adoullcy@123-reg.co.uk,Male,34.195.134.18
468,Farris,Spelman,fspelmancz@youtu.be,Male,245.151.204.62
469,Estelle,Keyworth,ekeyworthd0@paypal.com,Female,199.59.114.183
470,Donna,Pavlata,dpavlatad1@myspace.com,Female,16.149.219.247
471,Estelle,Shelliday,eshellidayd2@dailymotion.com,Female,238.158.22.101
472,Alejandra,Killingworth,akillingworthd3@sitemeter.com,Female,155.77.88.142
473,Roi,Rubartelli,rrubartellid4@buzzfeed.com,Male,35.182.201.249
474,Fraze,Lauder,flauderd5@discuz.net,Male,121.156.213.108
475,Marguerite,Pescod,mpescodd6@google.com.au,Female,181.87.216.113
476,Germaine,Hearnden,ghearndend7@yahoo.co.jp,Male,59.134.186.84
477,Lethia,Funnell,lfunnelld8@nbcnews.com,Female,77.216.155.50
478,Bud,Courvert,bcourvertd9@google.it,Male,17.102.203.208
479,Aurthur,Petrillo,apetrilloda@surveymonkey.com,Male,218.104.129.220
480,Arabele,De Cruce,adecrucedb@si.edu,Female,148.32.111.179
481,Eberto,Hardwidge,ehardwidgedc@stanford.edu,Male,24.156.143.9
482,Yardley,Janicki,yjanickidd@umn.edu,Male,175.20.26.108
483,Johann,Aveson,javesonde@microsoft.com,Male,181.189.212.52
484,Annamaria,Keford,akeforddf@sciencedaily.com,Female,130.142.197.191
485,Jaclyn,Szymanowski,jszymanowskidg@loc.gov,Female,239.201.65.197
486,Maddy,Titford,mtitforddh@liveinternet.ru,Male,90.170.31.115
487,Cristy,Worge,cworgedi@salon.com,Female,225.109.5.153
488,Auroora,Wandtke,awandtkedj@vistaprint.com,Female,195.4.40.55
489,Cam,Archdeacon,carchdeacondk@upenn.edu,Female,212.238.191.84
490,Derrick,Jordan,djordandl@buzzfeed.com,Male,228.234.227.117
491,Nickie,Arrighini,narrighinidm@seesaa.net,Female,22.78.120.57
492,Durante,McCrisken,dmccriskendn@jalbum.net,Male,102.185.113.216
493,Lenka,Bolin,lbolindo@desdev.cn,Female,252.147.204.92
494,Worden,Sondon,wsondondp@google.fr,Male,212.141.192.233
495,Philis,Adamek,padamekdq@bluehost.com,Female,73.221.243.53
496,Dicky,Allmen,dallmendr@mozilla.com,Male,99.230.56.242
497,Robinet,Pennyman,rpennymands@geocities.jp,Male,201.136.25.1
498,Redd,Kinnear,rkinneardt@g.co,Male,250.42.222.143
499,Floyd,Asche,faschedu@biglobe.ne.jp,Male,210.239.81.249
500,Freeland,Fyall,ffyalldv@newsvine.com,Male,145.23.100.114
501,Mercedes,Stearnes,mstearnesdw@github.io,Female,86.255.144.223
502,Orly,Looby,oloobydx@cyberchimps.com,Female,75.90.82.181
503,Phylis,O'Dyvoie,podyvoiedy@utexas.edu,Female,204.81.220.200
504,Corby,Tenwick,ctenwickdz@theglobeandmail.com,Male,165.147.206.96
505,Micheil,Evershed,mevershede0@gmpg.org,Male,24.14.185.166
506,Forest,Skamal,fskamale1@blog.com,Male,219.179.90.83
507,Lyndsey,Teresse,lteressee2@posterous.com,Female,244.191.73.83
508,Ingaberg,Fortescue,ifortescuee3@yellowbook.com,Female,136.186.210.213
509,Jermaine,Firks,jfirkse4@barnesandnoble.com,Female,141.225.209.78
510,Cordy,Rosthorn,crosthorne5@cornell.edu,Female,190.116.98.125
511,Duky,Wortt,dwortte6@free.fr,Male,186.37.87.206
512,Rodie,Bowie,rbowiee7@github.com,Female,34.165.135.109
513,Peter,Staniland,pstanilande8@twitpic.com,Male,65.21.90.216
514,Kalinda,Atyea,katyeae9@yellowpages.com,Female,224.74.126.31
515,Giacomo,Siggee,gsiggeeea@comcast.net,Male,203.100.153.59
516,Ricca,Killelay,rkillelayeb@slate.com,Female,125.6.234.46
517,Sheffield,Harg,shargec@odnoklassniki.ru,Male,245.32.110.128
518,Valdemar,Porker,vporkered@theguardian.com,Male,154.18.121.20
519,Sloan,Dict,sdictee@plala.or.jp,Male,41.19.167.83
520,Ailis,McCoish,amccoishef@homestead.com,Female,163.119.225.130
521,Rorke,Polk,rpolkeg@loc.gov,Male,234.70.172.22
522,Lucinda,Cabrara,lcabraraeh@photobucket.com,Female,98.86.192.222
523,Laverna,Tregaskis,ltregaskisei@cdc.gov,Female,120.216.116.108
524,Sydel,MacAiline,smacailineej@opera.com,Female,33.93.119.196
525,Massimiliano,Arnecke,marneckeek@hostgator.com,Male,25.132.163.154
526,Corissa,Jakoub,cjakoubel@globo.com,Female,112.162.191.172
527,Archambault,Brandli,abrandliem@aboutads.info,Male,203.226.41.53
528,Ruprecht,Beadnell,rbeadnellen@prlog.org,Male,154.174.219.97
529,Etti,Yankov,eyankoveo@mayoclinic.com,Female,128.229.149.166
530,Brewster,Penhaleurack,bpenhaleurackep@shareasale.com,Male,48.1.78.136
531,Jocko,Chanson,jchansoneq@smugmug.com,Male,94.189.61.115
532,Jerome,Goodinge,jgoodingeer@sphinn.com,Male,224.158.126.53
533,Nannette,Cowerd,ncowerdes@ftc.gov,Female,85.67.168.8
534,Glendon,Konrad,gkonradet@yellowbook.com,Male,188.180.59.171
535,Stephan,Lawdham,slawdhameu@delicious.com,Male,205.42.99.54
536,Florry,Sale,fsaleev@ovh.net,Female,176.1.191.55
537,Amandie,Spall,aspallew@creativecommons.org,Female,177.246.92.173
538,Muriel,Ghiraldi,mghiraldiex@quantcast.com,Female,229.247.10.185
539,Sayer,Gosney,sgosneyey@weebly.com,Male,106.59.62.53
540,Miltie,McLagain,mmclagainez@w3.org,Male,94.181.215.2
541,Analise,Mousby,amousbyf0@flickr.com,Female,234.72.173.86
542,Hendrick,Marciskewski,hmarciskewskif1@ask.com,Male,1.126.223.46
543,Missy,MacGahey,mmacgaheyf2@nature.com,Female,226.157.111.10
544,Gardner,Roache,groachef3@ca.gov,Male,242.99.15.68
545,Bobine,Inglesent,binglesentf4@fc2.com,Female,0.184.71.232
546,Enrico,Goodson,egoodsonf5@oaic.gov.au,Male,149.183.24.122
547,Tova,Cumesky,tcumeskyf6@timesonline.co.uk,Female,195.77.79.160
548,Marjory,Kirman,mkirmanf7@yale.edu,Female,153.146.141.207
549,Nicholas,Wynne,nwynnef8@reference.com,Male,110.116.179.151
550,Weber,Mozzini,wmozzinif9@naver.com,Male,246.31.121.130
551,Ky,Annatt,kannattfa@go.com,Male,74.61.110.113
552,Nonnah,Aubray,naubrayfb@samsung.com,Female,132.250.119.181
553,Dew,Pochin,dpochinfc@wired.com,Male,215.210.94.18
554,Devon,Danett,ddanettfd@tripadvisor.com,Female,7.236.64.48
555,Frederica,Black,fblackfe@ca.gov,Female,148.40.158.16
556,Anet,Drewson,adrewsonff@bing.com,Female,254.35.141.167
557,Si,Dyson,sdysonfg@edublogs.org,Male,251.26.26.92
558,Cordy,Heaps,cheapsfh@flickr.com,Male,51.99.90.177
559,Meggy,Marler,mmarlerfi@thetimes.co.uk,Female,25.26.79.136
560,Adelbert,Forst,aforstfj@npr.org,Male,156.148.140.236
561,Jonathan,Farryan,jfarryanfk@diigo.com,Male,72.245.153.188
562,Daron,Runsey,drunseyfl@macromedia.com,Male,55.144.32.57
563,Arabela,Isacoff,aisacofffm@fda.gov,Female,89.37.12.150
564,Towney,Devereu,tdevereufn@bluehost.com,Male,224.189.71.50
565,Beatrisa,Kemwal,bkemwalfo@globo.com,Female,46.54.187.125
566,Katlin,Dillestone,kdillestonefp@alexa.com,Female,237.20.198.113
567,Maressa,Booy,mbooyfq@smugmug.com,Female,141.38.20.169
568,Linnell,Ferrucci,lferruccifr@123-reg.co.uk,Female,149.228.208.35
569,Jo-anne,Foote,jfootefs@squarespace.com,Female,2.20.255.103
570,Siegfried,Huffadine,shuffadineft@issuu.com,Male,211.20.134.225
571,Cass,Grubb,cgrubbfu@nationalgeographic.com,Female,217.229.39.217
572,Gabi,O'Cassidy,gocassidyfv@jugem.jp,Male,179.29.129.107
573,Ferguson,Renforth,frenforthfw@sphinn.com,Male,136.240.122.72
574,Yorke,Goare,ygoarefx@cnn.com,Male,130.176.66.246
575,Tadeo,Fleay,tfleayfy@comcast.net,Male,193.125.252.188
576,Casandra,Winman,cwinmanfz@ft.com,Female,214.162.159.213
577,Robinett,Goodacre,rgoodacreg0@tamu.edu,Female,249.177.248.114
578,Siward,Congrave,scongraveg1@cdc.gov,Male,204.95.222.193
579,Lynelle,Umpleby,lumplebyg2@simplemachines.org,Female,65.187.3.145
580,Benito,Turk,bturkg3@exblog.jp,Male,134.91.86.215
581,Nelle,Kleis,nkleisg4@pen.io,Female,32.57.59.244
582,Traci,Tran,ttrang5@cnbc.com,Female,216.129.91.97
583,Prentice,Klosges,pklosgesg6@ocn.ne.jp,Male,221.99.8.191
584,Auguste,Hannay,ahannayg7@51.la,Female,41.181.164.38
585,Matty,Dreinan,mdreinang8@dailymotion.com,Male,166.229.34.133
586,Wyatan,Height,wheightg9@accuweather.com,Male,75.250.121.118
587,Fae,Bertolin,fbertolinga@unesco.org,Female,73.181.183.213
588,Lonni,Crambie,lcrambiegb@princeton.edu,Female,234.38.187.10
589,Cal,Lantaff,clantaffgc@icq.com,Male,245.208.139.151
590,Dede,Irving,dirvinggd@sciencedaily.com,Female,253.167.16.102
591,Blake,Wolstenholme,bwolstenholmege@nytimes.com,Female,248.150.10.217
592,Boycie,Kinnock,bkinnockgf@vistaprint.com,Male,102.221.193.222
593,Allard,Bradly,abradlygg@disqus.com,Male,210.114.148.97
594,Tudor,Orpen,torpengh@w3.org,Male,168.18.2.230
595,Paulita,Doiley,pdoileygi@i2i.jp,Female,227.17.147.64
596,Brittani,Broschek,bbroschekgj@businessinsider.com,Female,30.100.13.197
597,Skippy,Debney,sdebneygk@is.gd,Male,139.34.58.11
598,Shirley,Drewet,sdrewetgl@statcounter.com,Female,161.176.176.140
599,Isabelita,Woodley,iwoodleygm@barnesandnoble.com,Female,152.104.120.47
600,Elbert,Takle,etaklegn@github.io,Male,25.44.237.31
601,Miran,Channer,mchannergo@gov.uk,Female,12.31.215.244
602,Nathalia,Boughton,nboughtongp@surveymonkey.com,Female,212.154.3.131
603,Dillie,Bengochea,dbengocheagq@chicagotribune.com,Male,146.91.201.12
604,Nollie,Clemenzi,nclemenzigr@irs.gov,Male,229.69.126.224
605,Berkly,Servis,bservisgs@printfriendly.com,Male,39.52.155.29
606,Evonne,McQuorkel,emcquorkelgt@go.com,Female,148.240.153.154
607,Arabel,Biskup,abiskupgu@jugem.jp,Female,252.237.87.99
608,Arnuad,January 1st,ajanuarystgv@163.com,Male,82.94.165.233
609,Berne,Stiddard,bstiddardgw@blog.com,Male,74.82.64.27
610,Joellen,Milstead,jmilsteadgx@simplemachines.org,Female,36.133.234.231
611,Meridel,Carratt,mcarrattgy@auda.org.au,Female,41.72.80.174
612,Eziechiele,Wride,ewridegz@baidu.com,Male,98.160.76.13
613,Chevy,Wolseley,cwolseleyh0@reverbnation.com,Male,62.180.121.62
614,Sadie,Blumire,sblumireh1@dyndns.org,Female,160.118.126.134
615,Reece,Glendinning,rglendinningh2@tripod.com,Male,17.216.72.90
616,Shirley,Dolle,sdolleh3@privacy.gov.au,Female,220.225.164.213
617,Malina,Garley,mgarleyh4@godaddy.com,Female,155.247.168.185
618,Jedd,Raggitt,jraggitth5@spotify.com,Male,60.33.179.225
619,Findlay,Biskupiak,fbiskupiakh6@discovery.com,Male,60.124.95.24
620,Kyle,Thurby,kthurbyh7@howstuffworks.com,Male,124.217.215.48
621,Auberon,Corrington,acorringtonh8@examiner.com,Male,220.72.153.222
622,Yancey,Wortman,ywortmanh9@tiny.cc,Male,88.41.80.29
623,Tiphanie,Greatbatch,tgreatbatchha@mediafire.com,Female,94.244.104.111
624,Bobby,Burbank,bburbankhb@360.cn,Female,179.203.200.63
625,Robinia,Nottingham,rnottinghamhc@1und1.de,Female,171.150.116.106
626,Monique,Coupman,mcoupmanhd@addthis.com,Female,203.72.146.45
627,Onida,Ajam,oajamhe@cargocollective.com,Female,128.150.81.42
628,Banky,Dechelle,bdechellehf@statcounter.com,Male,192.223.17.97
629,Wilbert,Kopmann,wkopmannhg@delicious.com,Male,166.133.94.134
630,Husein,D'Ruel,hdruelhh@java.com,Male,236.107.4.78
631,Arte,McGuggy,amcguggyhi@shareasale.com,Male,96.155.148.127
632,Vernice,Tebbett,vtebbetthj@bluehost.com,Female,154.202.25.90
633,Giselle,Meijer,gmeijerhk@unblog.fr,Female,222.50.174.247
634,Jillie,Lyal,jlyalhl@miitbeian.gov.cn,Female,6.246.127.163
635,Darelle,Souza,dsouzahm@sbwire.com,Female,195.51.148.21
636,Cindelyn,Sleany,csleanyhn@yolasite.com,Female,104.255.107.41
637,Alys,Aasaf,aaasafho@yellowpages.com,Female,171.53.191.203
638,Paquito,Linfoot,plinfoothp@csmonitor.com,Male,120.152.144.14
639,Roland,Tiller,rtillerhq@toplist.cz,Male,242.44.210.217
640,Conni,Novkovic,cnovkovichr@posterous.com,Female,14.115.242.206
641,Everett,Drohan,edrohanhs@businessweek.com,Male,39.77.66.233
642,Nanny,Reddihough,nreddihoughht@feedburner.com,Female,0.135.13.220
643,Ardenia,Denisyuk,adenisyukhu@mit.edu,Female,175.105.38.20
644,Nan,Huortic,nhuortichv@gnu.org,Female,69.40.67.30
645,Tonie,Penticoot,tpenticoothw@amazon.co.uk,Female,82.12.255.12
646,Caresse,Nellen,cnellenhx@tinypic.com,Female,225.160.40.205
647,Antonietta,Jozaitis,ajozaitishy@samsung.com,Female,133.209.58.109
648,Shannan,Wabe,swabehz@xing.com,Male,101.168.123.30
649,Clint,Limmer,climmeri0@yellowpages.com,Male,144.111.27.51
650,Cari,Fullilove,cfullilovei1@multiply.com,Female,199.117.56.185
651,Madeleine,Morgen,mmorgeni2@salon.com,Female,222.31.54.234
652,Melodie,Bruntjen,mbruntjeni3@alibaba.com,Female,107.201.206.227
653,Eddy,Brigman,ebrigmani4@amazon.com,Female,88.170.49.168
654,Cassie,Skitch,cskitchi5@reference.com,Male,83.89.204.208
655,Hollie,Myatt,hmyatti6@ibm.com,Female,133.96.189.255
656,Gottfried,Maharg,gmahargi7@drupal.org,Male,225.198.204.240
657,Gavin,Narrie,gnarriei8@ycombinator.com,Male,77.10.91.144
658,Rex,Weddup,rweddupi9@nytimes.com,Male,86.58.134.246
659,Niel,Lang,nlangia@techcrunch.com,Male,194.193.77.131
660,Marcello,Pogg,mpoggib@zimbio.com,Male,224.70.135.135
661,Helene,Cocker,hcockeric@state.gov,Female,53.254.234.233
662,Dido,Paramor,dparamorid@vimeo.com,Female,44.221.232.1
663,Solomon,Everil,severilie@tamu.edu,Male,106.235.21.141
664,Ingmar,Biasotti,ibiasottiif@disqus.com,Male,226.135.33.47
665,Tracy,Nast,tnastig@shinystat.com,Female,191.139.122.88
666,Bobbye,Blanpein,bblanpeinih@usgs.gov,Female,34.4.203.46
667,Gilbertina,Drohun,gdrohunii@freewebs.com,Female,73.239.9.127
668,Torie,Skipton,tskiptonij@feedburner.com,Female,255.76.156.247
669,Chevy,Hubner,chubnerik@stanford.edu,Male,34.18.211.10
670,Mallory,Bigg,mbiggil@cam.ac.uk,Female,154.11.236.172
671,Gregoor,Craze,gcrazeim@issuu.com,Male,184.36.232.45
672,Noni,Barnson,nbarnsonin@washingtonpost.com,Female,172.141.10.186
673,Lane,Ponte,lponteio@blogspot.com,Female,99.4.199.36
674,Arlen,Heake,aheakeip@ucoz.com,Female,213.142.106.233
675,Flin,Kobus,fkobusiq@merriam-webster.com,Male,59.175.31.20
676,Shanda,Langmaid,slangmaidir@yelp.com,Female,154.213.177.112
677,Shell,Danev,sdanevis@ucla.edu,Male,153.63.229.225
678,Bogey,Evitts,bevittsit@networkadvertising.org,Male,46.194.25.175
679,Lucila,Skillitt,lskillittiu@slideshare.net,Female,249.51.238.65
680,Dylan,Whyley,dwhyleyiv@people.com.cn,Male,148.88.62.228
681,Kristel,Wolfer,kwolferiw@liveinternet.ru,Female,25.18.52.100
682,Charlotta,Corsan,ccorsanix@goo.gl,Female,244.147.104.81
683,Alejoa,Yanyshev,ayanysheviy@cpanel.net,Male,69.47.233.87
684,Cullie,Haking,chakingiz@redcross.org,Male,59.27.178.9
685,Shela,Alibone,salibonej0@jalbum.net,Female,27.104.217.143
686,Kippie,Walsom,kwalsomj1@technorati.com,Male,174.109.97.114
687,Kendre,Canon,kcanonj2@hc360.com,Female,166.250.63.101
688,Cornall,Townend,ctownendj3@rambler.ru,Male,109.89.236.205
689,Dulciana,Hughland,dhughlandj4@admin.ch,Female,122.105.113.189
690,Sumner,Sparkwell,ssparkwellj5@accuweather.com,Male,69.162.142.89
691,Norbie,Northgraves,nnorthgravesj6@state.tx.us,Male,72.252.233.97
692,Moyna,Vasyushkhin,mvasyushkhinj7@yahoo.co.jp,Female,78.86.20.90
693,Ashton,Colisbe,acolisbej8@chronoengine.com,Male,239.52.157.62
694,Sauncho,MacCaughey,smaccaugheyj9@yale.edu,Male,47.101.138.31
695,Sim,Shutler,sshutlerja@umich.edu,Male,146.229.17.175
696,Arv,Creboe,acreboejb@businesswire.com,Male,198.94.52.199
697,Matteo,Bener,mbenerjc@blog.com,Male,196.70.249.10
698,Cherianne,Ingrey,cingreyjd@yolasite.com,Female,70.134.84.2
699,Jarrett,Kenafaque,jkenafaqueje@e-recht24.de,Male,46.16.254.138
700,Pammi,Woodman,pwoodmanjf@amazon.co.jp,Female,88.239.6.60
701,Anya,Fayre,afayrejg@ucoz.ru,Female,244.255.157.100
702,Danita,Pavyer,dpavyerjh@vkontakte.ru,Female,137.148.13.6
703,Evvie,Senton,esentonji@sciencedirect.com,Female,63.251.48.207
704,Bili,Flucks,bflucksjj@earthlink.net,Female,233.155.232.160
705,Daniel,Ewert,dewertjk@facebook.com,Male,150.110.114.245
706,Bondie,Jeffry,bjeffryjl@google.es,Male,13.180.146.197
707,Harrietta,Hauger,hhaugerjm@oaic.gov.au,Female,155.100.242.154
708,Chaim,Cracoe,ccracoejn@ucoz.com,Male,71.130.232.198
709,Karlik,Sieghart,ksieghartjo@blogs.com,Male,61.29.103.70
710,Jakie,Zavattiero,jzavattierojp@rambler.ru,Male,59.179.24.27
711,Bank,Gauch,bgauchjq@wsj.com,Male,188.206.5.1
712,Lolly,Pennycook,lpennycookjr@archive.org,Female,142.53.166.131
713,Constantin,Matzeitis,cmatzeitisjs@geocities.com,Male,148.211.53.49
714,Maryanne,Tukesby,mtukesbyjt@independent.co.uk,Female,131.192.193.110
715,Rutger,Illingsworth,rillingsworthju@soup.io,Male,184.151.218.34
716,Elysee,Seifenmacher,eseifenmacherjv@amazon.co.jp,Female,15.25.27.93
717,Julienne,Lipson,jlipsonjw@icio.us,Female,92.124.48.188
718,Ernest,Ackerley,eackerleyjx@columbia.edu,Male,120.30.127.242
719,Whitby,Torel,wtoreljy@barnesandnoble.com,Male,32.64.86.123
720,Jo,Zanicchi,jzanicchijz@ftc.gov,Female,151.73.199.198
721,Buiron,Grassot,bgrassotk0@ask.com,Male,213.181.230.44
722,Estell,Sholl,eshollk1@house.gov,Female,164.158.119.236
723,Gabie,Pocknell,gpocknellk2@forbes.com,Male,89.6.152.169
724,Roderich,Quartermaine,rquartermainek3@spiegel.de,Male,119.129.45.175
725,Michell,Pankethman,mpankethmank4@mtv.com,Female,255.161.159.44
726,Gustie,Huxstep,ghuxstepk5@facebook.com,Female,27.154.216.203
727,Jamison,Entissle,jentisslek6@time.com,Male,211.52.180.63
728,Sarah,Reford,srefordk7@merriam-webster.com,Female,161.158.52.36
729,Gerianne,McGloin,gmcgloink8@vkontakte.ru,Female,253.152.4.224
730,Kariotta,Durrance,kdurrancek9@youku.com,Female,43.59.214.93
731,Phillip,Botte,pbotteka@cbslocal.com,Male,238.88.78.85
732,Olympie,Treeby,otreebykb@nifty.com,Female,44.27.7.179
733,Vinny,Plenty,vplentykc@wikimedia.org,Male,48.28.223.120
734,Urbain,Wolverson,uwolversonkd@booking.com,Male,197.57.3.151
735,Merna,Currm,mcurrmke@fastcompany.com,Female,67.7.247.181
736,Augusto,Brocks,abrockskf@pagesperso-orange.fr,Male,59.222.232.64
737,Minda,Winsom,mwinsomkg@soup.io,Female,15.56.64.69
738,Ainslie,Gerrett,agerrettkh@de.vu,Female,54.37.41.179
739,Christian,Selvester,cselvesterki@vimeo.com,Male,132.43.218.232
740,Donetta,Miles,dmileskj@blogs.com,Female,213.182.253.5
741,Kattie,Fumagalli,kfumagallikk@woothemes.com,Female,91.132.210.110
742,Tobie,Fellini,tfellinikl@ustream.tv,Male,45.42.35.152
743,Morry,Zohrer,mzohrerkm@bloglovin.com,Male,180.244.135.227
744,Datha,Maruska,dmaruskakn@wunderground.com,Female,21.86.176.255
745,Devlin,Sturdy,dsturdyko@xinhuanet.com,Male,92.0.1.30
746,Prescott,Fance,pfancekp@yahoo.com,Male,90.226.65.31
747,Kirby,Wasmer,kwasmerkq@w3.org,Male,37.159.207.204
748,Simon,Gosalvez,sgosalvezkr@yolasite.com,Male,177.182.57.250
749,Jacklyn,Derricoat,jderricoatks@google.nl,Female,240.158.85.27
750,Fletch,Arnaudi,farnaudikt@xing.com,Male,133.229.7.57
751,Aland,Gauch,agauchku@reuters.com,Male,149.197.2.44
752,Ewen,Ambage,eambagekv@1und1.de,Male,77.181.69.175
753,Anetta,Ranscome,aranscomekw@illinois.edu,Female,138.5.123.154
754,Adaline,Lehrle,alehrlekx@bbc.co.uk,Female,127.201.9.39
755,Siward,Feacham,sfeachamky@amazon.co.jp,Male,26.101.98.232
756,Leann,Brocklebank,lbrocklebankkz@wikia.com,Female,240.27.109.43
757,Abbot,Huxstep,ahuxstepl0@mapquest.com,Male,2.184.42.59
758,Celka,Gate,cgatel1@google.ru,Female,109.241.202.83
759,Latrina,Beer,lbeerl2@ihg.com,Female,24.133.44.234
760,Hendrick,Eskrigge,heskriggel3@archive.org,Male,89.65.100.132
761,Waverley,Nerne,wnernel4@vistaprint.com,Male,254.129.232.81
762,Alonso,McGriffin,amcgriffinl5@loc.gov,Male,182.131.212.243
763,Raul,Yurkiewicz,ryurkiewiczl6@nbcnews.com,Male,201.22.187.154
764,Danielle,Cicchinelli,dcicchinellil7@macromedia.com,Female,18.106.173.5
765,Christopher,Inchbald,cinchbaldl8@independent.co.uk,Male,148.50.190.217
766,Gaelan,McIlhagga,gmcilhaggal9@issuu.com,Male,107.194.199.226
767,Al,Strowther,astrowtherla@wp.com,Male,173.170.108.161
768,Carrissa,Anneslie,canneslielb@arstechnica.com,Female,54.171.81.228
769,Cassy,Avery,caverylc@feedburner.com,Female,18.233.84.62
770,Belita,Bletso,bbletsold@webnode.com,Female,122.213.121.71
771,Maxy,Burkman,mburkmanle@nba.com,Female,165.197.82.0
772,Arin,Bohike,abohikelf@umich.edu,Male,40.183.191.236
773,Wadsworth,Bodycomb,wbodycomblg@blogger.com,Male,22.101.79.72
774,Nani,Curtois,ncurtoislh@simplemachines.org,Female,252.52.244.113
775,Ariel,Shelly,ashellyli@shutterfly.com,Male,34.116.119.82
776,Thedrick,Jessel,tjessellj@dropbox.com,Male,139.227.113.147
777,Jonathon,Sprowell,jsprowelllk@archive.org,Male,46.22.247.28
778,Farris,Jurn,fjurnll@bbb.org,Male,199.108.0.62
779,Kahaleel,Seekings,kseekingslm@mayoclinic.com,Male,122.116.8.77
780,Malinde,Tixall,mtixallln@xing.com,Female,106.211.245.168
781,Catriona,Josefsohn,cjosefsohnlo@is.gd,Female,168.91.108.250
782,Alvira,Morando,amorandolp@exblog.jp,Female,136.162.25.55
783,Rriocard,Straw,rstrawlq@sogou.com,Male,240.250.53.12
784,Jessi,Kupke,jkupkelr@mtv.com,Female,250.234.239.61
785,Kristi,Renzini,krenzinils@digg.com,Female,48.88.210.182
786,Shem,Renowden,srenowdenlt@techcrunch.com,Male,216.59.82.12
787,Bord,Plom,bplomlu@oakley.com,Male,121.56.74.28
788,Margarita,Hugill,mhugilllv@intel.com,Female,112.196.18.141
789,Albina,Lawry,alawrylw@cornell.edu,Female,7.194.156.2
790,Dominique,Augur,daugurlx@comcast.net,Male,16.160.9.218
791,Becca,Cussen,bcussenly@rakuten.co.jp,Female,121.123.142.2
792,Troy,Driussi,tdriussilz@domainmarket.com,Male,85.196.35.60
793,Munroe,Dunn,mdunnm0@eventbrite.com,Male,119.238.73.138
794,Kirk,Phillipp,kphillippm1@usgs.gov,Male,82.149.67.69
795,Tiffie,Renshaw,trenshawm2@ft.com,Female,4.227.20.29
796,Isak,Millam,imillamm3@so-net.ne.jp,Male,122.102.238.217
797,Brianna,Trood,btroodm4@surveymonkey.com,Female,65.65.27.86
798,Blane,Thyer,bthyerm5@hp.com,Male,191.107.59.116
799,Teriann,Stoyell,tstoyellm6@google.com.br,Female,235.253.159.143
800,Curr,Domegan,cdomeganm7@digg.com,Male,130.108.199.178
801,Cully,O'Cahey,cocaheym8@elegantthemes.com,Male,146.156.56.151
802,Lenka,Kubis,lkubism9@godaddy.com,Female,187.255.170.140
803,Earle,Dawnay,edawnayma@wordpress.com,Male,129.166.8.148
804,Katine,Walaron,kwalaronmb@house.gov,Female,38.222.210.24
805,Nana,Prestwich,nprestwichmc@princeton.edu,Female,104.129.2.220
806,Adolpho,Quinsee,aquinseemd@virginia.edu,Male,77.43.219.138
807,Pryce,Lowrey,plowreyme@patch.com,Male,187.56.8.80
808,Ritchie,Sowden,rsowdenmf@washington.edu,Male,129.245.210.129
809,Maurine,Millwater,mmillwatermg@dot.gov,Female,190.250.234.105
810,Nananne,Bartomeu,nbartomeumh@istockphoto.com,Female,130.36.196.107
811,Shalom,Turford,sturfordmi@imgur.com,Male,135.29.224.192
812,Jessa,Whittek,jwhittekmj@tumblr.com,Female,122.181.189.231
813,Helen,Coners,hconersmk@technorati.com,Female,75.9.151.95
814,Elene,MacCoveney,emaccoveneyml@csmonitor.com,Female,106.75.144.213
815,Dee dee,Mabon,dmabonmm@etsy.com,Female,203.123.194.108
816,Tristan,Truran,ttruranmn@discuz.net,Male,115.173.114.219
817,Aubree,Pigott,apigottmo@loc.gov,Female,198.83.129.74
818,Innis,McGraffin,imcgraffinmp@baidu.com,Male,164.86.239.16
819,Tobi,Alishoner,talishonermq@ehow.com,Female,109.2.100.67
820,Corissa,Kitcherside,ckitchersidemr@youtu.be,Female,59.10.124.103
821,Scarface,Treverton,strevertonms@wufoo.com,Male,164.166.76.74
822,Konstantin,Lillecrap,klillecrapmt@reference.com,Male,26.22.40.89
823,Vergil,Gumb,vgumbmu@cbslocal.com,Male,109.137.113.240
824,Emmeline,Zannolli,ezannollimv@toplist.cz,Female,166.150.180.178
825,Symon,Spata,sspatamw@dion.ne.jp,Male,189.68.36.146
826,Hobie,O'Hallagan,hohallaganmx@dion.ne.jp,Male,56.165.14.11
827,Melba,Goodlud,mgoodludmy@moonfruit.com,Female,251.207.106.161
828,Harv,Pohls,hpohlsmz@usatoday.com,Male,22.160.175.38
829,Roddie,Scoble,rscoblen0@bravesites.com,Male,10.105.206.31
830,Frannie,Gatiss,fgatissn1@nhs.uk,Female,5.159.4.107
831,Wilfrid,Lurcock,wlurcockn2@dropbox.com,Male,11.18.98.140
832,Merv,Shortt,mshorttn3@e-recht24.de,Male,239.189.106.17
833,Julietta,Skully,jskullyn4@reference.com,Female,55.210.143.117
834,Eloise,Gander,egandern5@simplemachines.org,Female,9.70.155.235
835,Fancie,Izatt,fizattn6@tuttocitta.it,Female,223.188.164.185
836,Trevor,Hooke,thooken7@wikispaces.com,Male,164.251.227.117
837,Kermie,Fritter,kfrittern8@soup.io,Male,121.232.181.106
838,Yankee,Dudley,ydudleyn9@springer.com,Male,104.34.72.44
839,Sharla,Loges,slogesna@yandex.ru,Female,223.162.201.24
840,Vinny,Prue,vpruenb@barnesandnoble.com,Female,75.65.62.108
841,Redford,Sloyan,rsloyannc@vkontakte.ru,Male,116.125.206.107
842,Rodd,Dmitrovic,rdmitrovicnd@who.int,Male,123.201.149.210
843,Roman,Tolfrey,rtolfreyne@freewebs.com,Male,246.79.74.115
844,Constantia,Senchenko,csenchenkonf@youtu.be,Female,233.122.45.99
845,Normand,Birdall,nbirdallng@mail.ru,Male,159.29.67.0
846,Christine,Sturgess,csturgessnh@hostgator.com,Female,152.113.148.209
847,Sayre,Peddie,speddieni@a8.net,Male,131.118.115.231
848,Wilmar,Fairnington,wfairningtonnj@columbia.edu,Male,14.219.9.211
849,Frank,Geall,fgeallnk@cloudflare.com,Male,62.53.118.182
850,Lionello,Karadzas,lkaradzasnl@springer.com,Male,125.80.70.122
851,Godard,Jikovsky,gjikovskynm@tuttocitta.it,Male,26.22.162.87
852,Blondy,Brinkley,bbrinkleynn@wunderground.com,Female,100.0.11.38
853,Maxie,Danaher,mdanaherno@symantec.com,Female,103.0.10.1
854,Mariejeanne,Tocque,mtocquenp@ft.com,Female,67.203.90.185
855,Farleigh,Fearneley,ffearneleynq@irs.gov,Male,100.119.153.43
856,Aurora,Pattullo,apattullonr@hud.gov,Female,198.192.51.23
857,Toby,Bonallack,tbonallackns@parallels.com,Male,188.226.97.216
858,Ardine,Dyton,adytonnt@independent.co.uk,Female,251.127.129.141
859,Kiley,Wetter,kwetternu@google.com.br,Female,220.216.220.176
860,Stevie,Davidson,sdavidsonnv@blogtalkradio.com,Male,88.118.64.114
861,Deeann,Mordey,dmordeynw@google.de,Female,212.16.122.64
862,Jorgan,Derell,jderellnx@rambler.ru,Male,1.226.104.204
863,Bettye,Melvin,bmelvinny@xing.com,Female,38.143.141.160
864,Tamqrah,O'Fearguise,tofearguisenz@bigcartel.com,Female,189.185.75.199
865,Gustavo,Stovine,gstovineo0@cisco.com,Male,125.92.190.241
866,Tierney,Aristide,taristideo1@alexa.com,Female,157.173.25.78
867,Cam,Maving,cmavingo2@godaddy.com,Male,195.39.113.165
868,Hansiain,Geist,hgeisto3@tripod.com,Male,181.135.245.131
869,Phyllis,Le-Good,plegoodo4@columbia.edu,Female,219.195.164.124
870,Wyatan,Jankovsky,wjankovskyo5@addtoany.com,Male,202.162.120.145
871,Jud,Jeannenet,jjeanneneto6@shinystat.com,Male,26.86.159.176
872,Borg,Pledger,bpledgero7@dedecms.com,Male,127.145.3.38
873,Sheelah,Hughlin,shughlino8@devhub.com,Female,162.133.154.171
874,Ronald,Smiley,rsmileyo9@mtv.com,Male,197.30.85.47
875,Wallis,Harriday,wharridayoa@go.com,Male,31.19.25.98
876,Tad,Bennington,tbenningtonob@qq.com,Male,26.82.137.90
877,Anthe,Arkwright,aarkwrightoc@dot.gov,Female,112.179.108.17
878,Marta,Howarth,mhowarthod@globo.com,Female,3.208.7.250
879,Garrott,Hamal,ghamaloe@furl.net,Male,35.43.240.124
880,Kenny,Flecknoe,kflecknoeof@sciencedirect.com,Male,117.78.198.4
881,Cristian,Folling,cfollingog@networkadvertising.org,Male,113.35.214.145
882,Rosemary,Mundford,rmundfordoh@discovery.com,Female,250.236.251.32
883,Shannon,Jedrys,sjedrysoi@auda.org.au,Female,105.32.64.126
884,Ofilia,Tomei,otomeioj@sohu.com,Female,119.199.89.168
885,Tulley,Clemmensen,tclemmensenok@state.gov,Male,56.60.109.94
886,Glory,Lutton,gluttonol@icio.us,Female,202.161.175.53
887,Paolina,Dinsmore,pdinsmoreom@webeden.co.uk,Female,191.146.226.55
888,Krysta,Symson,ksymsonon@over-blog.com,Female,14.57.106.91
889,Teddy,Barczewski,tbarczewskioo@fema.gov,Male,153.228.108.249
890,Jermain,Mephan,jmephanop@symantec.com,Male,198.94.120.115
891,Park,Cremen,pcremenoq@ucla.edu,Male,29.122.31.79
892,Leo,Ingolotti,lingolottior@marketwatch.com,Male,61.193.15.91
893,Archibaldo,Costall,acostallos@tiny.cc,Male,169.16.178.133
894,Juieta,Valerio,jvalerioot@ustream.tv,Female,182.132.213.187
895,Flory,Mounch,fmounchou@wisc.edu,Male,114.192.173.114
896,Mellicent,Cavie,mcavieov@photobucket.com,Female,21.87.162.222
897,Emlynne,Anten,eantenow@psu.edu,Female,62.176.243.11
898,Geoff,Blevin,gblevinox@angelfire.com,Male,246.152.31.2
899,Eveline,Brunelli,ebrunellioy@usnews.com,Female,204.148.15.187
900,Parsifal,Wren,pwrenoz@virginia.edu,Male,211.177.14.32
901,Chrissie,Derbyshire,cderbyshirep0@themeforest.net,Female,17.30.192.161
902,Christoforo,McElrath,cmcelrathp1@indiegogo.com,Male,214.6.232.227
903,Brear,Hellier,bhellierp2@github.com,Female,100.137.194.60
904,Euell,Eastcott,eeastcottp3@yelp.com,Male,188.247.236.241
905,Preston,Kording,pkordingp4@hp.com,Male,99.75.77.146
906,Uriel,Twitchings,utwitchingsp5@dot.gov,Male,249.178.129.250
907,Marijo,Scrivenor,mscrivenorp6@tripod.com,Female,226.145.150.185
908,Court,Jakoviljevic,cjakoviljevicp7@yahoo.co.jp,Male,53.155.104.237
909,Tildie,Buxy,tbuxyp8@tiny.cc,Female,51.187.74.77
910,Binny,Gale,bgalep9@ed.gov,Female,223.170.223.68
911,Cathryn,Clausen-Thue,cclausenthuepa@economist.com,Female,192.7.198.65
912,Hillel,Rossi,hrossipb@com.com,Male,87.137.36.191
913,Lib,Patrono,lpatronopc@google.nl,Female,79.41.31.204
914,Arnold,Molohan,amolohanpd@wsj.com,Male,175.163.85.63
915,Gabriella,Gillson,ggillsonpe@pinterest.com,Female,124.18.40.97
916,Raimund,Cammock,rcammockpf@biblegateway.com,Male,31.204.125.94
917,Aloysia,Gaynesford,agaynesfordpg@hatena.ne.jp,Female,234.12.81.217
918,Easter,Hansard,ehansardph@ox.ac.uk,Female,96.191.231.193
919,Salmon,Riccelli,sriccellipi@ucoz.ru,Male,0.239.41.109
920,Felipa,Fishbourn,ffishbournpj@reuters.com,Female,16.171.175.186
921,Lesly,MacSweeney,lmacsweeneypk@spotify.com,Female,133.42.12.138
922,Yorke,Pordall,ypordallpl@scientificamerican.com,Male,221.19.19.218
923,Alejandra,Dudenie,adudeniepm@deliciousdays.com,Female,87.93.164.129
924,Reginald,Dumbar,rdumbarpn@twitter.com,Male,231.217.77.141
925,Bride,Geratasch,bgerataschpo@eepurl.com,Female,242.73.44.222
926,Janel,Kelner,jkelnerpp@cafepress.com,Female,87.13.30.18
927,Fields,Tribe,ftribepq@vimeo.com,Male,198.12.119.88
928,Mart,Dunbavin,mdunbavinpr@upenn.edu,Male,155.96.194.232
929,Pattin,Wyard,pwyardps@google.com.br,Male,14.16.230.1
930,Sileas,Fransoni,sfransonipt@narod.ru,Female,57.2.82.123
931,Lucias,Valintine,lvalintinepu@godaddy.com,Male,122.37.223.203
932,Devin,Lusher,dlusherpv@edublogs.org,Male,100.42.239.129
933,Adah,Passmore,apassmorepw@ning.com,Female,194.141.18.99
934,Ellynn,Rickets,ericketspx@issuu.com,Female,214.61.54.252
935,Adella,Cunniffe,acunniffepy@accuweather.com,Female,143.1.100.80
936,Mychal,Whalebelly,mwhalebellypz@wikispaces.com,Male,231.211.158.65
937,Lexi,Miebes,lmiebesq0@meetup.com,Female,151.31.59.200
938,Mitchell,D'Oyley,mdoyleyq1@berkeley.edu,Male,30.10.82.94
939,Bordy,McVitie,bmcvitieq2@ed.gov,Male,200.56.91.3
940,Willem,Kulicke,wkulickeq3@huffingtonpost.com,Male,48.146.150.150
941,Mikael,Kyberd,mkyberdq4@php.net,Male,204.142.44.203
942,Robinetta,Bramall,rbramallq5@examiner.com,Female,231.239.181.85
943,Bonnibelle,Hanmore,bhanmoreq6@europa.eu,Female,94.36.155.219
944,Elliott,Finnis,efinnisq7@cocolog-nifty.com,Male,249.181.144.74
945,Marielle,Legges,mleggesq8@google.de,Female,254.120.183.225
946,Clea,Bolt,cboltq9@ow.ly,Female,130.242.178.125
947,Andrea,Peeters,apeetersqa@elegantthemes.com,Male,89.125.172.139
948,Gawen,Shakespeare,gshakespeareqb@prnewswire.com,Male,136.54.48.98
949,Celestina,Cabrara,ccabraraqc@barnesandnoble.com,Female,68.88.135.154
950,Gayel,Morewood,gmorewoodqd@narod.ru,Female,230.201.10.183
951,Faulkner,Picott,fpicottqe@friendfeed.com,Male,122.153.89.255
952,Ricki,Boays,rboaysqf@ask.com,Male,213.44.143.140
953,Billie,Kilminster,bkilminsterqg@tuttocitta.it,Female,99.222.214.16
954,Zebadiah,Fagge,zfaggeqh@usda.gov,Male,0.20.128.196
955,Avery,Klich,aklichqi@altervista.org,Male,172.212.17.31
956,Rosetta,Bangham,rbanghamqj@flickr.com,Female,17.127.101.33
957,Virgie,Hover,vhoverqk@t.co,Male,7.215.246.180
958,Kaylil,Gorden,kgordenql@hatena.ne.jp,Female,230.230.27.183
959,Perle,Pirazzi,ppirazziqm@tinyurl.com,Female,62.188.175.36
960,Wilhelmina,Adriaens,wadriaensqn@ycombinator.com,Female,6.37.115.83
961,Anastasia,McCarry,amccarryqo@deviantart.com,Female,101.243.34.60
962,Bebe,Cuthbert,bcuthbertqp@so-net.ne.jp,Female,230.218.220.194
963,Mortie,Reading,mreadingqq@jimdo.com,Male,51.158.123.228
964,Massimiliano,Licence,mlicenceqr@angelfire.com,Male,202.185.160.236
965,Aigneis,Towndrow,atowndrowqs@devhub.com,Female,85.114.160.169
966,Christie,Molfino,cmolfinoqt@google.cn,Male,116.216.88.14
967,Margret,Labbett,mlabbettqu@stanford.edu,Female,45.12.28.180
968,Vachel,Kivelhan,vkivelhanqv@elpais.com,Male,146.98.15.6
969,Merwyn,Hadgraft,mhadgraftqw@bravesites.com,Male,73.97.118.139
970,Ranna,Skelbeck,rskelbeckqx@tinyurl.com,Female,239.62.126.36
971,Enrica,Shovell,eshovellqy@cbc.ca,Female,193.29.116.210
972,Sidnee,Thaxter,sthaxterqz@ocn.ne.jp,Male,192.213.84.200
973,Levi,Dudny,ldudnyr0@nymag.com,Male,8.76.3.181
974,Ginelle,McQuarter,gmcquarterr1@skyrock.com,Female,134.32.179.99
975,Marc,Juanes,mjuanesr2@xing.com,Male,111.72.128.160
976,Hadleigh,Baddow,hbaddowr3@mediafire.com,Male,5.188.161.132
977,Jewelle,Dibnah,jdibnahr4@oracle.com,Female,103.248.170.239
978,Darrick,Chappel,dchappelr5@aboutads.info,Male,54.110.96.184
979,Maurice,Goldsberry,mgoldsberryr6@dmoz.org,Male,70.197.133.145
980,Billy,Driscoll,bdriscollr7@zdnet.com,Male,69.163.117.112
981,Llywellyn,Edelheid,ledelheidr8@mit.edu,Male,166.82.171.138
982,Penelope,Navein,pnaveinr9@altervista.org,Female,58.80.138.178
983,Ofelia,Loraine,olorainera@dyndns.org,Female,51.140.249.85
984,Aldin,Tresvina,atresvinarb@webeden.co.uk,Male,13.64.211.229
985,Reinald,Saunders,rsaundersrc@businesswire.com,Male,3.30.125.153
986,Sterne,Dayton,sdaytonrd@about.me,Male,133.141.156.242
987,Andreas,Gross,agrossre@epa.gov,Male,157.26.106.13
988,Rolfe,Shelmardine,rshelmardinerf@meetup.com,Male,208.106.17.187
989,Corey,Jellyman,cjellymanrg@baidu.com,Male,62.229.160.239
990,Evangeline,Martinetto,emartinettorh@ning.com,Female,44.53.165.234
991,Erv,Thaine,ethaineri@un.org,Male,36.199.202.121
992,Karalee,Goatman,kgoatmanrj@toplist.cz,Female,139.5.200.134
993,Florence,Glasspoole,fglasspoolerk@hp.com,Female,96.246.117.52
994,Saundra,Veldman,sveldmanrl@mac.com,Male,107.159.213.116
995,Kalie,Bleckly,kblecklyrm@cam.ac.uk,Female,148.1.218.87
996,Ingrid,Brewer,ibrewerrn@posterous.com,Female,167.174.17.74
997,Dasi,Calyton,dcalytonro@yandex.ru,Female,190.82.43.144
998,Tristam,Stone Fewings,tstonefewingsrp@homestead.com,Male,49.144.154.40
999,Keven,Clubb,kclubbrq@csmonitor.com,Male,118.243.244.114
1000,Raphael,Latch,rlatchrr@google.co.uk,Male,12.67.56.122
